{
    "rmse": 0.7366512951041491,
    "mae": 0.5932606107226079,
    "r2": 0.16962468997966662
}