{
    "rmse": 0.6975488548358721,
    "mae": 0.5575360055074169,
    "r2": 0.25543987417620606
}